{
    "F1_Score": 0.575019638648861,
    "Accuracy": 0.6019131714495953,
    "num_samples": 1359
}