{
    "F1_Score": 0.5134788189987163,
    "Accuracy": 0.5277258566978194,
    "num_samples": 1605
}