{
    "F1_Score": 0.438652256834075,
    "Accuracy": 0.4857309260337799,
    "num_samples": 1717
}