{
    "F1_Score": 0.4837758112094395,
    "Accuracy": 0.5810055865921788,
    "num_samples": 1253
}