{
    "F1_Score": 0.5300261096605744,
    "Accuracy": 0.5330739299610895,
    "num_samples": 1542
}