{
    "F1_Score": 0.5037406483790524,
    "Accuracy": 0.5104551045510455,
    "num_samples": 813
}