{
    "F1_Score": 0.4014336917562724,
    "Accuracy": 0.34122287968441817,
    "num_samples": 507
}