{
    "F1_Score": 0.49611476389719067,
    "Accuracy": 0.5245346869712352,
    "num_samples": 1773
}