{
    "F1_Score": 0.6568483063328424,
    "Accuracy": 0.6307448494453248,
    "num_samples": 1262
}