{
    "F1_Score": 0.6150341685649203,
    "Accuracy": 0.6293859649122807,
    "num_samples": 912
}