{
    "F1_Score": 0.38698010849909587,
    "Accuracy": 0.36793039154754503,
    "num_samples": 1609
}