{
    "F1_Score": 0.36998706338939197,
    "Accuracy": 0.48736842105263156,
    "num_samples": 950
}