{
    "F1_Score": 0.517051705170517,
    "Accuracy": 0.482311320754717,
    "num_samples": 848
}