{
    "F1_Score": 0.524390243902439,
    "Accuracy": 0.5151933701657458,
    "num_samples": 1448
}