{
    "F1_Score": 0.503727369542066,
    "Accuracy": 0.5321285140562249,
    "num_samples": 1992
}