{
    "F1_Score": 0.5067178502879078,
    "Accuracy": 0.4870259481037924,
    "num_samples": 501
}