{
    "F1_Score": 0.5571658615136876,
    "Accuracy": 0.5634920634920635,
    "num_samples": 630
}