{
    "F1_Score": 0.5727743758831841,
    "Accuracy": 0.5067971723762915,
    "num_samples": 1839
}