{
    "F1_Score": 0.48866498740554154,
    "Accuracy": 0.48081841432225064,
    "num_samples": 782
}