{
    "F1_Score": 0.6176975945017182,
    "Accuracy": 0.49403069926094373,
    "num_samples": 1759
}