{
    "F1_Score": 0.5324074074074074,
    "Accuracy": 0.5738396624472574,
    "num_samples": 474
}