{
    "F1_Score": 0.5538039753255655,
    "Accuracy": 0.5415492957746478,
    "num_samples": 1420
}