{
    "F1_Score": 0.5098743267504489,
    "Accuracy": 0.5013698630136987,
    "num_samples": 1095
}