{
    "F1_Score": 0.622895622895623,
    "Accuracy": 0.6056338028169014,
    "num_samples": 1704
}