{
    "F1_Score": 0.4488817891373802,
    "Accuracy": 0.49189985272459497,
    "num_samples": 1358
}