{
    "F1_Score": 0.43368828654404645,
    "Accuracy": 0.47767857142857145,
    "num_samples": 1120
}