{
    "F1_Score": 0.47630057803468207,
    "Accuracy": 0.528125,
    "num_samples": 960
}