{
    "F1_Score": 0.4672364672364672,
    "Accuracy": 0.49865951742627346,
    "num_samples": 373
}