{
    "F1_Score": 0.5664280031821798,
    "Accuracy": 0.5525451559934319,
    "num_samples": 1218
}