{
    "F1_Score": 0.4990524320909665,
    "Accuracy": 0.5104938271604939,
    "num_samples": 1620
}