{
    "F1_Score": 0.4350282485875706,
    "Accuracy": 0.47643979057591623,
    "num_samples": 764
}