{
    "F1_Score": 0.4375876577840112,
    "Accuracy": 0.4885204081632653,
    "num_samples": 784
}