{
    "F1_Score": 0.5478723404255319,
    "Accuracy": 0.53232462173315,
    "num_samples": 727
}