{
    "F1_Score": 0.5073295092415552,
    "Accuracy": 0.5123028391167193,
    "num_samples": 1585
}