{
    "F1_Score": 0.606030647553139,
    "Accuracy": 0.5765143464399575,
    "num_samples": 1882
}