{
    "F1_Score": 0.6485671191553545,
    "Accuracy": 0.6057529610829103,
    "num_samples": 591
}