{
    "F1_Score": 0.5469387755102041,
    "Accuracy": 0.5811320754716981,
    "num_samples": 265
}