{
    "F1_Score": 0.49413886384129846,
    "Accuracy": 0.5117493472584856,
    "num_samples": 1149
}