{
    "F1_Score": 0.4494130799329234,
    "Accuracy": 0.5052737317930688,
    "num_samples": 1991
}