{
    "F1_Score": 0.5056105610561056,
    "Accuracy": 0.47585724282715186,
    "num_samples": 1429
}