{
    "F1_Score": 0.4896265560165975,
    "Accuracy": 0.5207792207792208,
    "num_samples": 770
}