{
    "F1_Score": 0.5873873873873874,
    "Accuracy": 0.5679245283018868,
    "num_samples": 530
}