{
    "F1_Score": 0.4715447154471545,
    "Accuracy": 0.5390070921985816,
    "num_samples": 423
}