{
    "F1_Score": 0.4482758620689655,
    "Accuracy": 0.5901477832512315,
    "num_samples": 1015
}