{
    "F1_Score": 0.5953711093375897,
    "Accuracy": 0.49851632047477745,
    "num_samples": 1011
}