{
    "F1_Score": 0.6595441595441596,
    "Accuracy": 0.6294573643410852,
    "num_samples": 1290
}