{
    "F1_Score": 0.4956521739130435,
    "Accuracy": 0.48214285714285715,
    "num_samples": 448
}