{
    "F1_Score": 0.541279387643521,
    "Accuracy": 0.518369690011481,
    "num_samples": 1742
}