{
    "F1_Score": 0.42240726722180166,
    "Accuracy": 0.5064683053040103,
    "num_samples": 1546
}