{
    "F1_Score": 0.5023364485981309,
    "Accuracy": 0.557632398753894,
    "num_samples": 963
}