{
    "F1_Score": 0.4620203602192639,
    "Accuracy": 0.42940199335548174,
    "num_samples": 1204
}