{
    "F1_Score": 0.7732406602953953,
    "Accuracy": 0.7363636363636363,
    "num_samples": 990
}