{
    "F1_Score": 0.5564102564102564,
    "Accuracy": 0.5831325301204819,
    "num_samples": 830
}