{
    "F1_Score": 0.5667701863354038,
    "Accuracy": 0.5785498489425982,
    "num_samples": 1324
}