{
    "F1_Score": 0.41517386722866173,
    "Accuracy": 0.5198961937716263,
    "num_samples": 1156
}