{
    "F1_Score": 0.40895953757225434,
    "Accuracy": 0.47597693786034595,
    "num_samples": 1561
}