{
    "F1_Score": 0.5704225352112676,
    "Accuracy": 0.48900523560209425,
    "num_samples": 955
}