{
    "F1_Score": 0.4280532043530834,
    "Accuracy": 0.4649321266968326,
    "num_samples": 884
}