{
    "F1_Score": 0.44808743169398907,
    "Accuracy": 0.45698924731182794,
    "num_samples": 372
}