{
    "F1_Score": 0.5171428571428571,
    "Accuracy": 0.47433903576982894,
    "num_samples": 643
}