{
    "F1_Score": 0.4699943914750421,
    "Accuracy": 0.5141388174807198,
    "num_samples": 1945
}