{
    "F1_Score": 0.45111624326404925,
    "Accuracy": 0.5113091158327622,
    "num_samples": 1459
}