{
    "F1_Score": 0.4197952218430034,
    "Accuracy": 0.47638603696098564,
    "num_samples": 1948
}