{
    "F1_Score": 0.5467625899280576,
    "Accuracy": 0.49760765550239233,
    "num_samples": 627
}