{
    "F1_Score": 0.5077399380804953,
    "Accuracy": 0.5185465556396669,
    "num_samples": 1321
}