{
    "F1_Score": 0.4084084084084084,
    "Accuracy": 0.4527777777777778,
    "num_samples": 1440
}