{
    "F1_Score": 0.3453981385729059,
    "Accuracy": 0.40619136960600377,
    "num_samples": 1066
}