{
    "F1_Score": 0.3677869372225745,
    "Accuracy": 0.4855521155830753,
    "num_samples": 1938
}