{
    "F1_Score": 0.41894353369763204,
    "Accuracy": 0.45840407470288624,
    "num_samples": 589
}