{
    "F1_Score": 0.38095238095238093,
    "Accuracy": 0.498019801980198,
    "num_samples": 1010
}