{
    "F1_Score": 0.4889267461669506,
    "Accuracy": 0.49238578680203043,
    "num_samples": 1182
}