{
    "F1_Score": 0.46768507638072854,
    "Accuracy": 0.4651711924439197,
    "num_samples": 1694
}