{
    "F1_Score": 0.44534412955465585,
    "Accuracy": 0.5054151624548736,
    "num_samples": 277
}