{
    "F1_Score": 0.5264847512038523,
    "Accuracy": 0.5058626465661642,
    "num_samples": 597
}