{
    "F1_Score": 0.3492822966507177,
    "Accuracy": 0.4645669291338583,
    "num_samples": 508
}