{
    "F1_Score": 0.40577096483318303,
    "Accuracy": 0.42943722943722945,
    "num_samples": 1155
}