{
    "F1_Score": 0.5494880546075085,
    "Accuracy": 0.47928994082840237,
    "num_samples": 507
}