{
    "F1_Score": 0.4522691705790297,
    "Accuracy": 0.49892627057981387,
    "num_samples": 1397
}