{
    "F1_Score": 0.5493230174081238,
    "Accuracy": 0.48903508771929827,
    "num_samples": 1368
}