{
    "F1_Score": 0.4231536926147705,
    "Accuracy": 0.435546875,
    "num_samples": 512
}