{
    "F1_Score": 0.5476025017373176,
    "Accuracy": 0.5262008733624454,
    "num_samples": 1374
}