{
    "F1_Score": 0.46432889963724305,
    "Accuracy": 0.5099557522123894,
    "num_samples": 904
}