{
    "F1_Score": 0.6046065259117083,
    "Accuracy": 0.6392294220665499,
    "num_samples": 1142
}