{
    "F1_Score": 0.36470588235294116,
    "Accuracy": 0.5263157894736842,
    "num_samples": 228
}