{
    "F1_Score": 0.5523385300668151,
    "Accuracy": 0.5472972972972973,
    "num_samples": 444
}