{
    "F1_Score": 0.39912758996728465,
    "Accuracy": 0.4732313575525813,
    "num_samples": 1046
}