{
    "F1_Score": 0.4214046822742475,
    "Accuracy": 0.43952483801295894,
    "num_samples": 926
}