{
    "F1_Score": 0.627573300062383,
    "Accuracy": 0.6590519703026841,
    "num_samples": 1751
}