{
    "F1_Score": 0.38162544169611307,
    "Accuracy": 0.4262295081967213,
    "num_samples": 610
}