{
    "F1_Score": 0.531317494600432,
    "Accuracy": 0.5079365079365079,
    "num_samples": 882
}