{
    "F1_Score": 0.45336008024072216,
    "Accuracy": 0.4444444444444444,
    "num_samples": 1962
}