{
    "F1_Score": 0.5404255319148936,
    "Accuracy": 0.47572815533980584,
    "num_samples": 1648
}