{
    "F1_Score": 0.41438032166508987,
    "Accuracy": 0.49797242497972427,
    "num_samples": 1233
}