{
    "F1_Score": 0.5253456221198156,
    "Accuracy": 0.5462555066079295,
    "num_samples": 227
}