{
    "F1_Score": 0.5290322580645161,
    "Accuracy": 0.5654761904761905,
    "num_samples": 168
}