{
    "F1_Score": 0.45607476635514016,
    "Accuracy": 0.47330316742081446,
    "num_samples": 1105
}