{
    "F1_Score": 0.45558086560364464,
    "Accuracy": 0.5742280285035629,
    "num_samples": 1684
}