{
    "F1_Score": 0.5481049562682215,
    "Accuracy": 0.5926412614980289,
    "num_samples": 1522
}