{
    "F1_Score": 0.6488038277511962,
    "Accuracy": 0.6714413607878246,
    "num_samples": 1117
}