{
    "F1_Score": 0.4419306184012066,
    "Accuracy": 0.4574780058651026,
    "num_samples": 1364
}