{
    "F1_Score": 0.6337448559670782,
    "Accuracy": 0.6454183266932271,
    "num_samples": 251
}