{
    "F1_Score": 0.39148936170212767,
    "Accuracy": 0.5048476454293629,
    "num_samples": 1444
}