{
    "F1_Score": 0.6138147566718996,
    "Accuracy": 0.5138339920948617,
    "num_samples": 1012
}