{
    "F1_Score": 0.5842696629213483,
    "Accuracy": 0.6105263157894737,
    "num_samples": 190
}