{
    "F1_Score": 0.41778818022235226,
    "Accuracy": 0.4907881269191402,
    "num_samples": 1954
}