{
    "F1_Score": 0.6115942028985507,
    "Accuracy": 0.5746031746031746,
    "num_samples": 630
}