{
    "F1_Score": 0.6234817813765182,
    "Accuracy": 0.6748251748251748,
    "num_samples": 286
}