{
    "F1_Score": 0.5529824561403509,
    "Accuracy": 0.6063040791100124,
    "num_samples": 1618
}