{
    "F1_Score": 0.5158878504672897,
    "Accuracy": 0.5194805194805194,
    "num_samples": 1617
}