{
    "F1_Score": 0.2857142857142857,
    "Accuracy": 0.4485294117647059,
    "num_samples": 1088
}