{
    "F1_Score": 0.6259389083625438,
    "Accuracy": 0.604133545310016,
    "num_samples": 1887
}