{
    "F1_Score": 0.6306818181818182,
    "Accuracy": 0.6355991590749824,
    "num_samples": 1427
}