{
    "F1_Score": 0.4968814968814969,
    "Accuracy": 0.49213011542497376,
    "num_samples": 953
}