{
    "F1_Score": 0.5349794238683128,
    "Accuracy": 0.599290780141844,
    "num_samples": 564
}