{
    "F1_Score": 0.5742145178764897,
    "Accuracy": 0.552901023890785,
    "num_samples": 879
}