{
    "F1_Score": 0.44559051057246,
    "Accuracy": 0.4526476578411405,
    "num_samples": 1964
}