{
    "F1_Score": 0.4355300859598854,
    "Accuracy": 0.5180428134556575,
    "num_samples": 1635
}