{
    "F1_Score": 0.4497878359264498,
    "Accuracy": 0.5226993865030675,
    "num_samples": 1630
}