{
    "F1_Score": 0.6621082621082621,
    "Accuracy": 0.6078042328042328,
    "num_samples": 1512
}