{
    "F1_Score": 0.4763271162123386,
    "Accuracy": 0.48079658605974396,
    "num_samples": 703
}