{
    "F1_Score": 0.6427898209236569,
    "Accuracy": 0.5880434782608696,
    "num_samples": 920
}