{
    "F1_Score": 0.5718446601941748,
    "Accuracy": 0.49310344827586206,
    "num_samples": 1740
}