{
    "F1_Score": 0.3360995850622407,
    "Accuracy": 0.3798449612403101,
    "num_samples": 1548
}