{
    "F1_Score": 0.26556016597510373,
    "Accuracy": 0.4080267558528428,
    "num_samples": 1196
}