{
    "F1_Score": 0.5029469548133595,
    "Accuracy": 0.5557506584723442,
    "num_samples": 1139
}