{
    "F1_Score": 0.5445161290322581,
    "Accuracy": 0.49786628733997157,
    "num_samples": 703
}