{
    "F1_Score": 0.5309842041312273,
    "Accuracy": 0.5138539042821159,
    "num_samples": 1588
}