{
    "F1_Score": 0.5787476280834914,
    "Accuracy": 0.589648798521257,
    "num_samples": 1082
}