{
    "F1_Score": 0.48243001786777845,
    "Accuracy": 0.4894242068155112,
    "num_samples": 1702
}