{
    "F1_Score": 0.5048543689320388,
    "Accuracy": 0.532538955087076,
    "num_samples": 1091
}