{
    "F1_Score": 0.5399780941949617,
    "Accuracy": 0.48371235402581436,
    "num_samples": 1627
}