{
    "F1_Score": 0.4555984555984556,
    "Accuracy": 0.46619794483504595,
    "num_samples": 1849
}