{
    "F1_Score": 0.5298329355608592,
    "Accuracy": 0.47232142857142856,
    "num_samples": 1120
}