{
    "F1_Score": 0.5356339084771192,
    "Accuracy": 0.49797242497972427,
    "num_samples": 1233
}