{
    "F1_Score": 0.46534653465346537,
    "Accuracy": 0.5178571428571429,
    "num_samples": 896
}