{
    "F1_Score": 0.5241379310344828,
    "Accuracy": 0.5460526315789473,
    "num_samples": 152
}