{
    "F1_Score": 0.6832618025751073,
    "Accuracy": 0.6642402183803457,
    "num_samples": 1099
}