{
    "F1_Score": 0.5529157667386609,
    "Accuracy": 0.6116322701688556,
    "num_samples": 1066
}