{
    "F1_Score": 0.40313111545988256,
    "Accuracy": 0.48217317487266553,
    "num_samples": 589
}