{
    "F1_Score": 0.4797687861271676,
    "Accuracy": 0.45454545454545453,
    "num_samples": 330
}