{
    "F1_Score": 0.6470588235294118,
    "Accuracy": 0.6255088195386703,
    "num_samples": 1474
}