{
    "F1_Score": 0.42330097087378643,
    "Accuracy": 0.5099009900990099,
    "num_samples": 606
}