{
    "F1_Score": 0.4598825831702544,
    "Accuracy": 0.5018050541516246,
    "num_samples": 1108
}