{
    "F1_Score": 0.6038781163434903,
    "Accuracy": 0.6027777777777777,
    "num_samples": 360
}