{
    "F1_Score": 0.5211459754433834,
    "Accuracy": 0.4784546805349183,
    "num_samples": 673
}