{
    "F1_Score": 0.44221105527638194,
    "Accuracy": 0.4126984126984127,
    "num_samples": 189
}