{
    "F1_Score": 0.41696844283497153,
    "Accuracy": 0.4199691199176531,
    "num_samples": 1943
}