{
    "F1_Score": 0.6783369803063457,
    "Accuracy": 0.6502082093991671,
    "num_samples": 1681
}