{
    "F1_Score": 0.4012298232129131,
    "Accuracy": 0.5019181585677749,
    "num_samples": 1564
}