{
    "F1_Score": 0.5983066792097836,
    "Accuracy": 0.544290288153682,
    "num_samples": 937
}