{
    "F1_Score": 0.4612676056338028,
    "Accuracy": 0.5328244274809161,
    "num_samples": 655
}