{
    "F1_Score": 0.4735812133072407,
    "Accuracy": 0.5247349823321554,
    "num_samples": 1698
}