{
    "F1_Score": 0.4805936073059361,
    "Accuracy": 0.4988986784140969,
    "num_samples": 1816
}