{
    "F1_Score": 0.5949367088607594,
    "Accuracy": 0.5816993464052288,
    "num_samples": 153
}