{
    "F1_Score": 0.5653082549634274,
    "Accuracy": 0.5304740406320542,
    "num_samples": 1772
}