{
    "F1_Score": 0.4367666232073012,
    "Accuracy": 0.5268346111719606,
    "num_samples": 1826
}