{
    "F1_Score": 0.660347551342812,
    "Accuracy": 0.6105072463768116,
    "num_samples": 552
}