{
    "F1_Score": 0.4584717607973422,
    "Accuracy": 0.5045592705167173,
    "num_samples": 658
}