{
    "F1_Score": 0.383368569415081,
    "Accuracy": 0.503968253968254,
    "num_samples": 1764
}