{
    "F1_Score": 0.726457399103139,
    "Accuracy": 0.6851032448377581,
    "num_samples": 1356
}