{
    "F1_Score": 0.7304347826086957,
    "Accuracy": 0.7047619047619048,
    "num_samples": 105
}