{
    "F1_Score": 0.5458823529411765,
    "Accuracy": 0.5638418079096045,
    "num_samples": 1770
}