{
    "F1_Score": 0.4679245283018868,
    "Accuracy": 0.48633879781420764,
    "num_samples": 549
}