{
    "F1_Score": 0.431266846361186,
    "Accuracy": 0.491566265060241,
    "num_samples": 415
}