{
    "F1_Score": 0.5397448478900884,
    "Accuracy": 0.4956989247311828,
    "num_samples": 930
}