{
    "F1_Score": 0.5119236883942766,
    "Accuracy": 0.49959250203748984,
    "num_samples": 1227
}