{
    "F1_Score": 0.40632603406326034,
    "Accuracy": 0.48846960167714887,
    "num_samples": 1908
}