{
    "F1_Score": 0.5039106145251396,
    "Accuracy": 0.4761061946902655,
    "num_samples": 1695
}