{
    "F1_Score": 0.449438202247191,
    "Accuracy": 0.5333333333333333,
    "num_samples": 105
}