{
    "F1_Score": 0.34196891191709844,
    "Accuracy": 0.4868686868686869,
    "num_samples": 495
}