{
    "F1_Score": 0.5072555205047319,
    "Accuracy": 0.5443407234539089,
    "num_samples": 1714
}