{
    "F1_Score": 0.45894263217097864,
    "Accuracy": 0.5141414141414141,
    "num_samples": 990
}