{
    "F1_Score": 0.6030150753768844,
    "Accuracy": 0.6609442060085837,
    "num_samples": 233
}