{
    "F1_Score": 0.471195184866724,
    "Accuracy": 0.3928923988153998,
    "num_samples": 1013
}