{
    "F1_Score": 0.47232472324723246,
    "Accuracy": 0.49110320284697506,
    "num_samples": 281
}