{
    "F1_Score": 0.6415094339622641,
    "Accuracy": 0.5971731448763251,
    "num_samples": 283
}