{
    "F1_Score": 0.5164835164835165,
    "Accuracy": 0.5686274509803921,
    "num_samples": 204
}