{
    "F1_Score": 0.47459807073954985,
    "Accuracy": 0.4201561391057488,
    "num_samples": 1409
}