{
    "F1_Score": 0.543757292882147,
    "Accuracy": 0.5505747126436782,
    "num_samples": 870
}