{
    "F1_Score": 0.44715447154471544,
    "Accuracy": 0.4635108481262327,
    "num_samples": 507
}