{
    "F1_Score": 0.42567567567567566,
    "Accuracy": 0.48328267477203646,
    "num_samples": 1645
}