{
    "F1_Score": 0.5743944636678201,
    "Accuracy": 0.5721739130434783,
    "num_samples": 575
}