{
    "F1_Score": 0.6219312602291326,
    "Accuracy": 0.6541916167664671,
    "num_samples": 668
}