{
    "F1_Score": 0.5245202558635395,
    "Accuracy": 0.5027870680044593,
    "num_samples": 897
}