{
    "F1_Score": 0.5924112607099143,
    "Accuracy": 0.575796178343949,
    "num_samples": 1570
}