{
    "F1_Score": 0.648854961832061,
    "Accuracy": 0.6232081911262799,
    "num_samples": 1465
}