{
    "F1_Score": 0.4547112462006079,
    "Accuracy": 0.4459542927733169,
    "num_samples": 1619
}