{
    "F1_Score": 0.4748858447488584,
    "Accuracy": 0.5418326693227091,
    "num_samples": 251
}