{
    "F1_Score": 0.49745042492917846,
    "Accuracy": 0.5365726227795193,
    "num_samples": 1914
}