{
    "F1_Score": 0.6056782334384858,
    "Accuracy": 0.6246246246246246,
    "num_samples": 333
}