{
    "F1_Score": 0.5011441647597255,
    "Accuracy": 0.516093229744728,
    "num_samples": 901
}