{
    "F1_Score": 0.5692307692307692,
    "Accuracy": 0.6541268950028074,
    "num_samples": 1781
}