{
    "F1_Score": 0.43370165745856354,
    "Accuracy": 0.4142857142857143,
    "num_samples": 700
}