{
    "F1_Score": 0.7168141592920354,
    "Accuracy": 0.6966824644549763,
    "num_samples": 211
}