{
    "F1_Score": 0.33905579399141633,
    "Accuracy": 0.4853801169590643,
    "num_samples": 1197
}