{
    "F1_Score": 0.5224312590448625,
    "Accuracy": 0.5285714285714286,
    "num_samples": 1400
}