{
    "F1_Score": 0.4344262295081967,
    "Accuracy": 0.4609375,
    "num_samples": 256
}