{
    "F1_Score": 0.579185520361991,
    "Accuracy": 0.5518072289156627,
    "num_samples": 415
}