{
    "F1_Score": 0.546236559139785,
    "Accuracy": 0.546236559139785,
    "num_samples": 1395
}