{
    "F1_Score": 0.44777986241400874,
    "Accuracy": 0.4884125144843569,
    "num_samples": 1726
}