{
    "F1_Score": 0.41915336571825124,
    "Accuracy": 0.4836520666255398,
    "num_samples": 1621
}