{
    "F1_Score": 0.6088939566704675,
    "Accuracy": 0.5658227848101266,
    "num_samples": 790
}