{
    "F1_Score": 0.4966824644549763,
    "Accuracy": 0.5159525979945305,
    "num_samples": 1097
}