{
    "F1_Score": 0.5291181364392679,
    "Accuracy": 0.545016077170418,
    "num_samples": 1244
}