{
    "F1_Score": 0.5604681404421327,
    "Accuracy": 0.5453934095494284,
    "num_samples": 1487
}