{
    "F1_Score": 0.626358695652174,
    "Accuracy": 0.6405228758169934,
    "num_samples": 1530
}