{
    "F1_Score": 0.4251207729468599,
    "Accuracy": 0.48034934497816595,
    "num_samples": 1374
}