{
    "F1_Score": 0.46681175190424373,
    "Accuracy": 0.49301603724780135,
    "num_samples": 1933
}