{
    "F1_Score": 0.5478260869565217,
    "Accuracy": 0.5905511811023622,
    "num_samples": 1270
}