{
    "F1_Score": 0.40268456375838924,
    "Accuracy": 0.521505376344086,
    "num_samples": 186
}