{
    "F1_Score": 0.37254901960784315,
    "Accuracy": 0.4690265486725664,
    "num_samples": 1808
}