{
    "F1_Score": 0.5794655414908579,
    "Accuracy": 0.5335413416536662,
    "num_samples": 641
}