{
    "F1_Score": 0.6472727272727272,
    "Accuracy": 0.6608391608391608,
    "num_samples": 286
}