{
    "F1_Score": 0.6210995542347697,
    "Accuracy": 0.5717884130982368,
    "num_samples": 1191
}