{
    "F1_Score": 0.4479495268138801,
    "Accuracy": 0.49421965317919075,
    "num_samples": 346
}