{
    "F1_Score": 0.5789473684210527,
    "Accuracy": 0.5166163141993958,
    "num_samples": 662
}