{
    "F1_Score": 0.4674698795180723,
    "Accuracy": 0.44050632911392407,
    "num_samples": 395
}