{
    "F1_Score": 0.6697674418604651,
    "Accuracy": 0.6120218579234973,
    "num_samples": 366
}