{
    "F1_Score": 0.4738372093023256,
    "Accuracy": 0.4887005649717514,
    "num_samples": 708
}