{
    "F1_Score": 0.4799618320610687,
    "Accuracy": 0.4464195022854241,
    "num_samples": 1969
}