{
    "F1_Score": 0.597452229299363,
    "Accuracy": 0.5850295469468155,
    "num_samples": 1523
}