{
    "F1_Score": 0.2392638036809816,
    "Accuracy": 0.3351206434316354,
    "num_samples": 373
}