{
    "F1_Score": 0.6491458607095927,
    "Accuracy": 0.613603473227207,
    "num_samples": 691
}