{
    "F1_Score": 0.4307875894988067,
    "Accuracy": 0.39119336311423103,
    "num_samples": 1567
}