{
    "F1_Score": 0.6689944134078212,
    "Accuracy": 0.6387195121951219,
    "num_samples": 1312
}