{
    "F1_Score": 0.4604486422668241,
    "Accuracy": 0.522466039707419,
    "num_samples": 1914
}