{
    "F1_Score": 0.44477611940298506,
    "Accuracy": 0.49387755102040815,
    "num_samples": 735
}