{
    "F1_Score": 0.4484304932735426,
    "Accuracy": 0.49795918367346936,
    "num_samples": 245
}