{
    "F1_Score": 0.8578947368421053,
    "Accuracy": 0.8686131386861314,
    "num_samples": 1233
}