{
    "F1_Score": 0.4827586206896552,
    "Accuracy": 0.4596069868995633,
    "num_samples": 916
}