{
    "F1_Score": 0.5261158594491928,
    "Accuracy": 0.506429277942631,
    "num_samples": 1011
}