{
    "F1_Score": 0.33519553072625696,
    "Accuracy": 0.502092050209205,
    "num_samples": 239
}