{
    "F1_Score": 0.4360699865410498,
    "Accuracy": 0.45584415584415583,
    "num_samples": 770
}