{
    "F1_Score": 0.47478991596638653,
    "Accuracy": 0.47257383966244726,
    "num_samples": 948
}