{
    "F1_Score": 0.611764705882353,
    "Accuracy": 0.4969512195121951,
    "num_samples": 328
}