{
    "F1_Score": 0.5094339622641509,
    "Accuracy": 0.528344671201814,
    "num_samples": 441
}