{
    "F1_Score": 0.5854383358098069,
    "Accuracy": 0.5485436893203883,
    "num_samples": 618
}