{
    "F1_Score": 0.4332688588007737,
    "Accuracy": 0.48596491228070177,
    "num_samples": 570
}