{
    "F1_Score": 0.48872180451127817,
    "Accuracy": 0.5072463768115942,
    "num_samples": 276
}