{
    "F1_Score": 0.39913544668587897,
    "Accuracy": 0.4487772637144746,
    "num_samples": 1513
}