{
    "F1_Score": 0.44601769911504424,
    "Accuracy": 0.5101721439749609,
    "num_samples": 639
}