{
    "F1_Score": 0.5078809106830122,
    "Accuracy": 0.48753799392097263,
    "num_samples": 1645
}