{
    "F1_Score": 0.5539858728557013,
    "Accuracy": 0.5537607269056032,
    "num_samples": 1981
}