{
    "F1_Score": 0.3669421487603306,
    "Accuracy": 0.3807599029911075,
    "num_samples": 1237
}