{
    "F1_Score": 0.5234899328859061,
    "Accuracy": 0.5226890756302521,
    "num_samples": 595
}