{
    "F1_Score": 0.4060248853962017,
    "Accuracy": 0.4742028985507246,
    "num_samples": 1725
}