{
    "F1_Score": 0.5045045045045045,
    "Accuracy": 0.5143487858719646,
    "num_samples": 453
}