{
    "F1_Score": 0.38823529411764707,
    "Accuracy": 0.4978540772532189,
    "num_samples": 1864
}