{
    "F1_Score": 0.5583424209378408,
    "Accuracy": 0.5344827586206896,
    "num_samples": 870
}