{
    "F1_Score": 0.5295358649789029,
    "Accuracy": 0.4837962962962963,
    "num_samples": 864
}