{
    "F1_Score": 0.5297029702970297,
    "Accuracy": 0.5297029702970297,
    "num_samples": 1616
}