{
    "F1_Score": 0.5157342657342657,
    "Accuracy": 0.5627466456195738,
    "num_samples": 1267
}