{
    "F1_Score": 0.5101860053144376,
    "Accuracy": 0.5672926447574335,
    "num_samples": 1278
}