{
    "F1_Score": 0.6707768187422934,
    "Accuracy": 0.6435246995994659,
    "num_samples": 1498
}