{
    "F1_Score": 0.4906785980611484,
    "Accuracy": 0.499266862170088,
    "num_samples": 1364
}