{
    "F1_Score": 0.4201117318435754,
    "Accuracy": 0.46932515337423314,
    "num_samples": 978
}