{
    "F1_Score": 0.4153225806451613,
    "Accuracy": 0.46494464944649444,
    "num_samples": 1084
}