{
    "F1_Score": 0.5185643564356436,
    "Accuracy": 0.6014344262295082,
    "num_samples": 1952
}