{
    "F1_Score": 0.5548141086749285,
    "Accuracy": 0.5239551478083588,
    "num_samples": 981
}